"","Cell","TargetBC","Site1","Site2","Site3","Site4","Site5"
"366618","ACTGTGATCCACGGGT-1","AGGCTAATTCCC","1","2","12","4","4"
"366621","ACTGTGATCCACGGGT-1","TTGATAACGTGA","2","2","19","1","4"
"366622","ACTGTGATCCACGGGT-1","TAACGAAGATTT","0","0","0","0","0"
"366623","ACTGTGATCCACGGGT-1","GTTGAAAGGTGA","3","4","1","2","0"
"366625","ACTGTGATCCACGGGT-1","GTATAAAGTTTG","4","6","4","4","2"
"366628","ACTGTGATCCACGGGT-1","GTACAAAATAGT","5","2","2","4","4"
"366636","ACTGTGATCCACGGGT-1","TTCACAAATTTA","6","19","4","12","12"
"366640","ACTGTGATCCACGGGT-1","AACTGAATGTTT","7","2","4","6","1"
"55432","GTCTAGATCAAGAATG-1","TTCACAAATTTA","4","4","2","0","0"
"55442","GTCTAGATCAAGAATG-1","AGGCTAATTCCC","1","2","12","12","29"
"55443","GTCTAGATCAAGAATG-1","TAACGAAGATTT","0","0","0","0","0"
"55445","GTCTAGATCAAGAATG-1","GTTGAAAGGTGA","3","4","2","2","15"
"55446","GTCTAGATCAAGAATG-1","GTACAAAATAGT","5","2","2","4","0"
"55451","GTCTAGATCAAGAATG-1","TTGATAACGTGA","2","2","19","1","2"
"55460","GTCTAGATCAAGAATG-1","GTATAAAGTTTG","4","20","4","4","2"
"55468","GTCTAGATCAAGAATG-1","AACTGAATGTTT","7","2","19","0","0"
"251476","TGATTCTCAAGTACCT-1","AGGCTAATTCCC","1","2","12","0","0"
"251477","TGATTCTCAAGTACCT-1","TTCACAAATTTA","0","0","0","0","0"
"251478","TGATTCTCAAGTACCT-1","TTGATAACGTGA","2","2","19","1","4"
"251488","TGATTCTCAAGTACCT-1","GTATAAAGTTTG","4","16","4","4","2"
"251490","TGATTCTCAAGTACCT-1","GTACAAAATAGT","5","2","2","0","0"
"251501","TGATTCTCAAGTACCT-1","AACTGAATGTTT","7","0","0","0","0"
"251503","TGATTCTCAAGTACCT-1","GTTGAAAGGTGA","3","4","6","0","0"
"251507","TGATTCTCAAGTACCT-1","TAACGAAGATTT","0","0","0","0","0"
"228982","CTGAGGCGTTGTGCAT-1","GTTGAAAGGTGA","3","4","2","14","12"
"228983","CTGAGGCGTTGTGCAT-1","GTATAAAGTTTG","4","16","4","4","7"
"228988","CTGAGGCGTTGTGCAT-1","TTGATAACGTGA","2","2","19","1","4"
"229002","CTGAGGCGTTGTGCAT-1","AGGCTAATTCCC","1","2","12","19","19"
"229014","CTGAGGCGTTGTGCAT-1","AACTGAATGTTT","7","2","1","7","0"
"229024","CTGAGGCGTTGTGCAT-1","TAACGAAGATTT","0","0","0","0","0"
"229032","CTGAGGCGTTGTGCAT-1","GTACAAAATAGT","5","2","4","0","0"
"229036","CTGAGGCGTTGTGCAT-1","TTCACAAATTTA","4","2","7","4","2"
"145189","AAGGTAATCCACTTCG-1","GTATAAAGTTTG","4","6","4","4","2"
"145214","AAGGTAATCCACTTCG-1","AGGCTAATTCCC","1","2","12","12","19"
"145216","AAGGTAATCCACTTCG-1","TTGATAACGTGA","2","2","19","0","0"
"145233","AAGGTAATCCACTTCG-1","TAACGAAGATTT","1","7","19","7","0"
"145267","AAGGTAATCCACTTCG-1","GTTGAAAGGTGA","3","4","2","6","16"
"145274","AAGGTAATCCACTTCG-1","GTACAAAATAGT","5","2","2","4","2"
"145279","AAGGTAATCCACTTCG-1","AACTGAATGTTT","7","2","19","1","6"
"145281","AAGGTAATCCACTTCG-1","TTCACAAATTTA","4","4","1","6","7"
"129819","TGACAGTTCCCATAAG-1","GTACAAAATAGT","5","2","7","0","0"
"129822","TGACAGTTCCCATAAG-1","TTCACAAATTTA","6","2","7","4","6"
"129848","TGACAGTTCCCATAAG-1","GTTGAAAGGTGA","3","4","0","0","0"
"129859","TGACAGTTCCCATAAG-1","TTGATAACGTGA","2","2","19","1","4"
"129891","TGACAGTTCCCATAAG-1","TAACGAAGATTT","0","0","0","0","0"
"129923","TGACAGTTCCCATAAG-1","AGGCTAATTCCC","1","2","12","0","0"
"129930","TGACAGTTCCCATAAG-1","GTATAAAGTTTG","4","16","4","4","2"
"129967","TGACAGTTCCCATAAG-1","AACTGAATGTTT","7","2","4","0","0"
"79902","TCAGTCCCAGACCTAT-1","AGGCTAATTCCC","1","2","12","12","19"
"79903","TCAGTCCCAGACCTAT-1","GTATAAAGTTTG","0","0","0","0","0"
"79905","TCAGTCCCAGACCTAT-1","GTACAAAATAGT","5","2","2","12","4"
"79949","TCAGTCCCAGACCTAT-1","TTCACAAATTTA","4","7","7","25","6"
"79972","TCAGTCCCAGACCTAT-1","TTGATAACGTGA","2","2","19","1","2"
"79983","TCAGTCCCAGACCTAT-1","TAACGAAGATTT","0","0","0","0","0"
"80000","TCAGTCCCAGACCTAT-1","AACTGAATGTTT","7","2","19","26","7"
"80020","TCAGTCCCAGACCTAT-1","GTTGAAAGGTGA","3","13","7","0","0"
"150073","ACACGCGAGGAGCTGT-1","TAACGAAGATTT","0","0","0","0","0"
"150081","ACACGCGAGGAGCTGT-1","TTGATAACGTGA","2","2","19","1","4"
"150103","ACACGCGAGGAGCTGT-1","GTATAAAGTTTG","4","6","4","4","0"
"150109","ACACGCGAGGAGCTGT-1","AACTGAATGTTT","7","2","0","0","0"
"150126","ACACGCGAGGAGCTGT-1","TTCACAAATTTA","6","19","0","0","0"
"150145","ACACGCGAGGAGCTGT-1","AGGCTAATTCCC","1","2","12","2","12"
"150215","ACACGCGAGGAGCTGT-1","GTACAAAATAGT","5","2","13","19","2"
"150239","ACACGCGAGGAGCTGT-1","GTTGAAAGGTGA","3","4","1","0","0"
"306103","TAATCTCTCCTTATAC-1","GTTGAAAGGTGA","3","4","2","6","2"
"306112","TAATCTCTCCTTATAC-1","AACTGAATGTTT","7","2","19","4","4"
"306121","TAATCTCTCCTTATAC-1","GTACAAAATAGT","0","0","0","0","0"
"306126","TAATCTCTCCTTATAC-1","TTCACAAATTTA","0","0","0","0","0"
"306131","TAATCTCTCCTTATAC-1","TTGATAACGTGA","2","2","0","0","0"
"306132","TAATCTCTCCTTATAC-1","GTATAAAGTTTG","4","6","4","0","0"
"306143","TAATCTCTCCTTATAC-1","AGGCTAATTCCC","1","2","12","12","0"
"306149","TAATCTCTCCTTATAC-1","TAACGAAGATTT","2","2","2","0","0"
"133302","ATCACAGGTTATCTTC-1","GTATAAAGTTTG","4","6","0","0","0"
"133328","ATCACAGGTTATCTTC-1","TTCACAAATTTA","0","0","0","0","0"
"133344","ATCACAGGTTATCTTC-1","AACTGAATGTTT","7","2","0","0","0"
"133352","ATCACAGGTTATCTTC-1","AGGCTAATTCCC","1","2","12","21","0"
"133355","ATCACAGGTTATCTTC-1","TAACGAAGATTT","0","0","0","0","0"
"133359","ATCACAGGTTATCTTC-1","GTTGAAAGGTGA","0","0","0","0","0"
"133376","ATCACAGGTTATCTTC-1","GTACAAAATAGT","5","2","2","0","0"
"133388","ATCACAGGTTATCTTC-1","TTGATAACGTGA","2","2","19","1","4"
"243643","AAGCCATTCCACCCTA-1","TTCACAAATTTA","6","1","0","0","0"
"243651","AAGCCATTCCACCCTA-1","GTATAAAGTTTG","4","6","4","4","2"
"243654","AAGCCATTCCACCCTA-1","AACTGAATGTTT","7","2","4","0","0"
"243672","AAGCCATTCCACCCTA-1","TTGATAACGTGA","8","2","19","1","4"
"243681","AAGCCATTCCACCCTA-1","GTTGAAAGGTGA","3","4","1","0","0"
"243705","AAGCCATTCCACCCTA-1","GTACAAAATAGT","9","2","4","0","0"
"243718","AAGCCATTCCACCCTA-1","AGGCTAATTCCC","1","2","12","2","4"
"243737","AAGCCATTCCACCCTA-1","TAACGAAGATTT","0","0","0","0","0"
"158775","TCTAACTCAGGTGACA-1","TTCACAAATTTA","6","19","2","19","6"
"158776","TCTAACTCAGGTGACA-1","TAACGAAGATTT","0","0","0","0","0"
"158777","TCTAACTCAGGTGACA-1","AACTGAATGTTT","7","2","1","7","7"
"158779","TCTAACTCAGGTGACA-1","AGGCTAATTCCC","1","2","12","12","2"
"158782","TCTAACTCAGGTGACA-1","GTATAAAGTTTG","4","6","4","4","2"
"158784","TCTAACTCAGGTGACA-1","TTGATAACGTGA","2","2","19","1","2"
"158791","TCTAACTCAGGTGACA-1","GTACAAAATAGT","5","2","0","0","0"
"158800","TCTAACTCAGGTGACA-1","GTTGAAAGGTGA","3","4","0","0","0"
"304196","TGTTCTACATAGCACT-1","GTTGAAAGGTGA","3","4","1","1","0"
"304197","TGTTCTACATAGCACT-1","GTATAAAGTTTG","4","6","4","4","12"
"304199","TGTTCTACATAGCACT-1","TTCACAAATTTA","6","1","4","6","0"
"304205","TGTTCTACATAGCACT-1","TTGATAACGTGA","2","2","19","1","4"
"304210","TGTTCTACATAGCACT-1","TAACGAAGATTT","2","0","0","0","0"
"304231","TGTTCTACATAGCACT-1","AACTGAATGTTT","7","2","2","7","0"
"304272","TGTTCTACATAGCACT-1","AGGCTAATTCCC","1","2","12","2","19"
"304314","TGTTCTACATAGCACT-1","GTACAAAATAGT","5","2","4","6","0"
"402909","TGAGACTCAAGATGGC-1","GTACAAAATAGT","5","2","4","2","4"
"402913","TGAGACTCAAGATGGC-1","TAACGAAGATTT","0","0","0","0","0"
"402914","TGAGACTCAAGATGGC-1","GTATAAAGTTTG","4","6","4","4","2"
"402916","TGAGACTCAAGATGGC-1","AGGCTAATTCCC","1","2","12","4","7"
"402918","TGAGACTCAAGATGGC-1","GTTGAAAGGTGA","3","4","0","0","0"
"402920","TGAGACTCAAGATGGC-1","TTGATAACGTGA","2","2","19","1","4"
"402922","TGAGACTCAAGATGGC-1","AACTGAATGTTT","7","2","4","4","13"
"402930","TGAGACTCAAGATGGC-1","TTCACAAATTTA","6","0","0","0","0"
"16450","TGAGGGACATCATCTT-1","GTACAAAATAGT","5","2","2","4","6"
"16454","TGAGGGACATCATCTT-1","AGGCTAATTCCC","1","2","12","0","0"
"16459","TGAGGGACATCATCTT-1","TTCACAAATTTA","4","4","14","0","0"
"16476","TGAGGGACATCATCTT-1","GTATAAAGTTTG","4","14","4","4","2"
"16530","TGAGGGACATCATCTT-1","AACTGAATGTTT","7","2","19","12","4"
"16543","TGAGGGACATCATCTT-1","TAACGAAGATTT","0","0","0","0","0"
"16585","TGAGGGACATCATCTT-1","TTGATAACGTGA","2","2","19","27","2"
"16592","TGAGGGACATCATCTT-1","GTTGAAAGGTGA","3","4","2","4","6"
"45649","GTGTGATGTCCACAGC-1","AGGCTAATTCCC","1","2","12","4","4"
"45673","GTGTGATGTCCACAGC-1","AACTGAATGTTT","7","2","0","0","0"
"45688","GTGTGATGTCCACAGC-1","TTGATAACGTGA","2","2","19","1","2"
"45739","GTGTGATGTCCACAGC-1","GTATAAAGTTTG","4","6","4","4","0"
"45752","GTGTGATGTCCACAGC-1","TAACGAAGATTT","0","0","0","0","0"
"45769","GTGTGATGTCCACAGC-1","TTCACAAATTTA","0","0","0","0","0"
"45808","GTGTGATGTCCACAGC-1","GTTGAAAGGTGA","3","4","2","4","4"
"45846","GTGTGATGTCCACAGC-1","GTACAAAATAGT","5","2","4","1","6"
"405166","CCACGAGGTCTCACGG-1","TTGATAACGTGA","2","2","19","1","4"
"405167","CCACGAGGTCTCACGG-1","GTTGAAAGGTGA","3","4","1","2","0"
"405168","CCACGAGGTCTCACGG-1","TTCACAAATTTA","0","0","0","0","0"
"405169","CCACGAGGTCTCACGG-1","GTACAAAATAGT","5","2","4","0","0"
"405184","CCACGAGGTCTCACGG-1","AACTGAATGTTT","7","2","1","0","0"
"405188","CCACGAGGTCTCACGG-1","GTATAAAGTTTG","4","6","4","4","12"
"405193","CCACGAGGTCTCACGG-1","AGGCTAATTCCC","1","2","12","2","12"
"405195","CCACGAGGTCTCACGG-1","TAACGAAGATTT","0","0","0","0","0"
"240331","TGGAGGACATGTCTAG-1","GTTGAAAGGTGA","3","4","1","0","0"
"240350","TGGAGGACATGTCTAG-1","GTACAAAATAGT","5","0","0","0","0"
"240358","TGGAGGACATGTCTAG-1","TAACGAAGATTT","0","0","0","0","0"
"240359","TGGAGGACATGTCTAG-1","GTATAAAGTTTG","4","6","4","4","4"
"240363","TGGAGGACATGTCTAG-1","TTCACAAATTTA","4","4","19","0","0"
"240366","TGGAGGACATGTCTAG-1","TTGATAACGTGA","2","2","0","0","0"
"240369","TGGAGGACATGTCTAG-1","AACTGAATGTTT","7","2","4","0","0"
"240400","TGGAGGACATGTCTAG-1","AGGCTAATTCCC","1","2","24","2","12"
"364389","AAACCCAGTTTAGACC-1","GTATAAAGTTTG","4","6","4","0","0"
"364393","AAACCCAGTTTAGACC-1","AGGCTAATTCCC","1","2","12","12","7"
"364399","AAACCCAGTTTAGACC-1","TAACGAAGATTT","0","0","0","0","0"
"364407","AAACCCAGTTTAGACC-1","GTTGAAAGGTGA","3","4","6","0","0"
"364410","AAACCCAGTTTAGACC-1","AACTGAATGTTT","7","2","1","0","0"
"364411","AAACCCAGTTTAGACC-1","TTCACAAATTTA","0","0","0","0","0"
"364412","AAACCCAGTTTAGACC-1","GTACAAAATAGT","5","2","2","0","0"
"364419","AAACCCAGTTTAGACC-1","TTGATAACGTGA","2","2","19","1","4"
"181619","AGTTCGAGTGTCGCTG-1","TAACGAAGATTT","0","0","0","0","0"
"181624","AGTTCGAGTGTCGCTG-1","AGGCTAATTCCC","1","2","12","2","12"
"181671","AGTTCGAGTGTCGCTG-1","TTGATAACGTGA","2","2","19","1","4"
"181682","AGTTCGAGTGTCGCTG-1","AACTGAATGTTT","7","2","1","6","0"
"181690","AGTTCGAGTGTCGCTG-1","GTACAAAATAGT","5","2","0","0","0"
"181721","AGTTCGAGTGTCGCTG-1","GTTGAAAGGTGA","10","4","1","2","7"
"181762","AGTTCGAGTGTCGCTG-1","GTATAAAGTTTG","4","6","4","4","2"
"181771","AGTTCGAGTGTCGCTG-1","TTCACAAATTTA","0","0","0","0","0"
"308749","GGGATGAGTGCCTTTC-1","GTACAAAATAGT","5","2","2","4","7"
"308753","GGGATGAGTGCCTTTC-1","TTCACAAATTTA","4","0","0","0","0"
"308757","GGGATGAGTGCCTTTC-1","TAACGAAGATTT","0","0","0","0","0"
"308759","GGGATGAGTGCCTTTC-1","AGGCTAATTCCC","1","2","12","19","19"
"308761","GGGATGAGTGCCTTTC-1","TTGATAACGTGA","2","2","19","1","2"
"308763","GGGATGAGTGCCTTTC-1","GTTGAAAGGTGA","3","4","4","0","0"
"308771","GGGATGAGTGCCTTTC-1","GTATAAAGTTTG","4","6","4","0","0"
"308790","GGGATGAGTGCCTTTC-1","AACTGAATGTTT","7","2","19","19","7"
"157658","CCGATGGGTCTCACGG-1","GTTGAAAGGTGA","3","4","0","0","0"
"157660","CCGATGGGTCTCACGG-1","GTACAAAATAGT","5","2","2","0","0"
"157662","CCGATGGGTCTCACGG-1","AACTGAATGTTT","7","2","1","0","0"
"157665","CCGATGGGTCTCACGG-1","TTGATAACGTGA","2","2","19","1","4"
"157671","CCGATGGGTCTCACGG-1","TTCACAAATTTA","6","4","1","2","4"
"157674","CCGATGGGTCTCACGG-1","GTATAAAGTTTG","4","6","4","4","2"
"157698","CCGATGGGTCTCACGG-1","TAACGAAGATTT","0","0","0","0","0"
"157746","CCGATGGGTCTCACGG-1","AGGCTAATTCCC","1","2","0","0","0"
"476496","GCCAGGTTCTCGGCTT-1","TAACGAAGATTT","0","0","0","0","0"
"476497","GCCAGGTTCTCGGCTT-1","GTATAAAGTTTG","4","6","4","4","2"
"476499","GCCAGGTTCTCGGCTT-1","GTTGAAAGGTGA","3","4","2","4","4"
"476500","GCCAGGTTCTCGGCTT-1","TTGATAACGTGA","2","2","19","1","4"
"476503","GCCAGGTTCTCGGCTT-1","AACTGAATGTTT","7","2","4","1","0"
"476505","GCCAGGTTCTCGGCTT-1","AGGCTAATTCCC","1","2","12","4","4"
"476509","GCCAGGTTCTCGGCTT-1","GTACAAAATAGT","5","2","4","0","0"
"476513","GCCAGGTTCTCGGCTT-1","TTCACAAATTTA","6","19","4","2","4"
"278321","TCACAAGCAGAGCTAG-1","TTGATAACGTGA","2","2","19","1","4"
"278335","TCACAAGCAGAGCTAG-1","TTCACAAATTTA","4","4","19","0","0"
"278336","TCACAAGCAGAGCTAG-1","TAACGAAGATTT","0","0","0","0","0"
"278345","TCACAAGCAGAGCTAG-1","AACTGAATGTTT","7","2","4","0","0"
"278348","TCACAAGCAGAGCTAG-1","GTTGAAAGGTGA","3","4","1","0","0"
"278355","TCACAAGCAGAGCTAG-1","AGGCTAATTCCC","1","2","24","2","12"
"278360","TCACAAGCAGAGCTAG-1","GTATAAAGTTTG","4","6","4","4","2"
"278388","TCACAAGCAGAGCTAG-1","GTACAAAATAGT","5","10","4","0","0"
"201868","AACACACGTCGTTCAA-1","GTACAAAATAGT","5","2","2","12","1"
"201869","AACACACGTCGTTCAA-1","GTTGAAAGGTGA","3","4","6","0","0"
"201873","AACACACGTCGTTCAA-1","TTGATAACGTGA","2","2","19","1","4"
"201877","AACACACGTCGTTCAA-1","TTCACAAATTTA","0","0","0","0","0"
"201878","AACACACGTCGTTCAA-1","GTATAAAGTTTG","4","6","4","4","4"
"201883","AACACACGTCGTTCAA-1","TAACGAAGATTT","0","0","0","0","0"
"201897","AACACACGTCGTTCAA-1","AGGCTAATTCCC","1","2","12","2","12"
"201899","AACACACGTCGTTCAA-1","AACTGAATGTTT","7","2","1","6","0"
"47972","GACTTCCTCGTTAGTG-1","AACTGAATGTTT","7","2","4","12","0"
"47973","GACTTCCTCGTTAGTG-1","GTTGAAAGGTGA","3","4","1","0","0"
"47992","GACTTCCTCGTTAGTG-1","TTGATAACGTGA","0","0","0","0","0"
"48018","GACTTCCTCGTTAGTG-1","AGGCTAATTCCC","1","2","0","0","0"
"48021","GACTTCCTCGTTAGTG-1","GTATAAAGTTTG","4","6","4","0","0"
"48034","GACTTCCTCGTTAGTG-1","TAACGAAGATTT","0","0","0","0","0"
"48052","GACTTCCTCGTTAGTG-1","TTCACAAATTTA","6","2","7","4","6"
"48065","GACTTCCTCGTTAGTG-1","GTACAAAATAGT","9","2","0","0","0"
"190691","ATCCACCTCAGCAATC-1","TTCACAAATTTA","0","0","0","0","0"
"190692","ATCCACCTCAGCAATC-1","TAACGAAGATTT","0","0","0","0","0"
"190693","ATCCACCTCAGCAATC-1","GTTGAAAGGTGA","3","4","1","2","7"
"190694","ATCCACCTCAGCAATC-1","GTATAAAGTTTG","4","6","4","4","0"
"190698","ATCCACCTCAGCAATC-1","AACTGAATGTTT","7","2","4","4","4"
"190707","ATCCACCTCAGCAATC-1","TTGATAACGTGA","2","2","19","1","13"
"190709","ATCCACCTCAGCAATC-1","GTACAAAATAGT","5","2","4","1","0"
"190712","ATCCACCTCAGCAATC-1","AGGCTAATTCCC","1","2","12","2","12"
"264520","TAACACGAGGCTGGAT-1","AGGCTAATTCCC","1","2","12","4","4"
"264521","TAACACGAGGCTGGAT-1","TTGATAACGTGA","2","2","19","1","4"
"264522","TAACACGAGGCTGGAT-1","GTTGAAAGGTGA","3","4","2","4","4"
"264525","TAACACGAGGCTGGAT-1","TTCACAAATTTA","6","19","2","1","7"
"264529","TAACACGAGGCTGGAT-1","GTATAAAGTTTG","4","14","4","4","2"
"264533","TAACACGAGGCTGGAT-1","AACTGAATGTTT","7","2","4","1","2"
"264539","TAACACGAGGCTGGAT-1","GTACAAAATAGT","5","2","4","2","2"
"264541","TAACACGAGGCTGGAT-1","TAACGAAGATTT","11","2","0","0","0"
"249576","AGGATAAAGGACAGTC-1","AGGCTAATTCCC","1","2","12","12","7"
"249579","AGGATAAAGGACAGTC-1","GTTGAAAGGTGA","3","4","19","0","0"
"249584","AGGATAAAGGACAGTC-1","GTATAAAGTTTG","4","6","4","4","2"
"249588","AGGATAAAGGACAGTC-1","TTGATAACGTGA","2","2","19","1","12"
"249591","AGGATAAAGGACAGTC-1","GTACAAAATAGT","5","0","0","0","0"
"249598","AGGATAAAGGACAGTC-1","AACTGAATGTTT","7","2","19","2","1"
"249599","AGGATAAAGGACAGTC-1","TTCACAAATTTA","4","2","4","4","4"
"249610","AGGATAAAGGACAGTC-1","TAACGAAGATTT","0","0","0","0","0"
"279233","GAATCACAGCGCACAA-1","TAACGAAGATTT","0","0","0","0","0"
"279235","GAATCACAGCGCACAA-1","TTGATAACGTGA","2","2","19","1","2"
"279239","GAATCACAGCGCACAA-1","TTCACAAATTTA","4","7","0","0","0"
"279284","GAATCACAGCGCACAA-1","GTTGAAAGGTGA","3","21","4","2","0"
"279286","GAATCACAGCGCACAA-1","GTACAAAATAGT","5","2","2","7","7"
"279289","GAATCACAGCGCACAA-1","AGGCTAATTCCC","1","2","12","0","0"
"279301","GAATCACAGCGCACAA-1","GTATAAAGTTTG","4","6","0","0","0"
"279307","GAATCACAGCGCACAA-1","AACTGAATGTTT","0","0","0","0","0"
"163758","GTCATGAGTCAGGTGA-1","TTGATAACGTGA","2","2","19","1","2"
"163759","GTCATGAGTCAGGTGA-1","GTTGAAAGGTGA","3","4","2","2","1"
"163763","GTCATGAGTCAGGTGA-1","AACTGAATGTTT","7","2","19","19","6"
"163764","GTCATGAGTCAGGTGA-1","TTCACAAATTTA","4","0","0","0","0"
"163770","GTCATGAGTCAGGTGA-1","AGGCTAATTCCC","1","2","12","12","19"
"163784","GTCATGAGTCAGGTGA-1","GTATAAAGTTTG","4","6","4","4","2"
"163786","GTCATGAGTCAGGTGA-1","GTACAAAATAGT","5","2","2","4","4"
"163803","GTCATGAGTCAGGTGA-1","TAACGAAGATTT","0","0","0","0","0"
"297356","GTCCACTGTGTTAAAG-1","TTGATAACGTGA","2","2","19","1","4"
"297357","GTCCACTGTGTTAAAG-1","AGGCTAATTCCC","1","2","12","4","2"
"297359","GTCCACTGTGTTAAAG-1","GTTGAAAGGTGA","3","4","2","4","4"
"297362","GTCCACTGTGTTAAAG-1","GTATAAAGTTTG","4","6","4","4","2"
"297374","GTCCACTGTGTTAAAG-1","AACTGAATGTTT","7","2","4","1","12"
"297377","GTCCACTGTGTTAAAG-1","TAACGAAGATTT","1","6","4","0","0"
"297378","GTCCACTGTGTTAAAG-1","TTCACAAATTTA","6","19","2","1","2"
"297380","GTCCACTGTGTTAAAG-1","GTACAAAATAGT","5","2","4","2","6"
"53476","TAAGCCAGTTATTCCT-1","GTTGAAAGGTGA","3","4","12","4","0"
"53477","TAAGCCAGTTATTCCT-1","TAACGAAGATTT","0","0","0","0","0"
"53493","TAAGCCAGTTATTCCT-1","GTACAAAATAGT","5","2","4","7","0"
"53586","TAAGCCAGTTATTCCT-1","AGGCTAATTCCC","1","2","12","2","19"
"53610","TAAGCCAGTTATTCCT-1","TTCACAAATTTA","6","19","4","0","0"
"53626","TAAGCCAGTTATTCCT-1","GTATAAAGTTTG","4","6","4","4","0"
"53647","TAAGCCAGTTATTCCT-1","TTGATAACGTGA","2","2","19","1","4"
"53717","TAAGCCAGTTATTCCT-1","AACTGAATGTTT","7","2","13","0","0"
"17764","TTCGGTCTCGGCGATC-1","AGGCTAATTCCC","1","2","12","2","12"
"17768","TTCGGTCTCGGCGATC-1","GTATAAAGTTTG","4","16","4","4","0"
"17821","TTCGGTCTCGGCGATC-1","GTTGAAAGGTGA","3","4","2","1","22"
"17841","TTCGGTCTCGGCGATC-1","TTCACAAATTTA","0","0","0","0","0"
"17861","TTCGGTCTCGGCGATC-1","AACTGAATGTTT","7","2","1","1","4"
"17882","TTCGGTCTCGGCGATC-1","TTGATAACGTGA","2","2","19","0","0"
"17884","TTCGGTCTCGGCGATC-1","TAACGAAGATTT","0","0","0","0","0"
"17912","TTCGGTCTCGGCGATC-1","GTACAAAATAGT","5","2","2","0","0"
"369464","GCAGTTACAAGTCATC-1","TAACGAAGATTT","0","0","0","0","0"
"369469","GCAGTTACAAGTCATC-1","GTACAAAATAGT","5","2","4","0","0"
"369470","GCAGTTACAAGTCATC-1","AGGCTAATTCCC","1","0","0","0","0"
"369499","GCAGTTACAAGTCATC-1","GTATAAAGTTTG","4","6","4","0","0"
"369509","GCAGTTACAAGTCATC-1","TTGATAACGTGA","2","2","19","1","4"
"369514","GCAGTTACAAGTCATC-1","GTTGAAAGGTGA","3","4","7","4","4"
"369536","GCAGTTACAAGTCATC-1","AACTGAATGTTT","7","2","19","19","7"
"369538","GCAGTTACAAGTCATC-1","TTCACAAATTTA","4","7","7","4","2"
"269052","GTTCGCTCACGGCACT-1","AGGCTAATTCCC","1","2","12","2","7"
"269053","GTTCGCTCACGGCACT-1","GTATAAAGTTTG","4","14","4","4","2"
"269062","GTTCGCTCACGGCACT-1","TTCACAAATTTA","0","0","0","0","0"
"269084","GTTCGCTCACGGCACT-1","TTGATAACGTGA","2","2","19","0","0"
"269122","GTTCGCTCACGGCACT-1","TAACGAAGATTT","0","0","0","0","0"
"269176","GTTCGCTCACGGCACT-1","AACTGAATGTTT","7","2","1","6","0"
"269195","GTTCGCTCACGGCACT-1","GTACAAAATAGT","0","0","0","0","0"
"269228","GTTCGCTCACGGCACT-1","GTTGAAAGGTGA","3","4","0","0","0"
"178738","TTGTTGTGTGTATACC-1","AGGCTAATTCCC","1","2","12","2","12"
"178739","TTGTTGTGTGTATACC-1","TAACGAAGATTT","0","0","0","0","0"
"178740","TTGTTGTGTGTATACC-1","GTTGAAAGGTGA","3","4","1","12","0"
"178743","TTGTTGTGTGTATACC-1","GTACAAAATAGT","5","2","4","0","0"
"178758","TTGTTGTGTGTATACC-1","GTATAAAGTTTG","4","6","4","4","4"
"178761","TTGTTGTGTGTATACC-1","AACTGAATGTTT","0","0","0","0","0"
"178764","TTGTTGTGTGTATACC-1","TTCACAAATTTA","4","4","19","19","0"
"178768","TTGTTGTGTGTATACC-1","TTGATAACGTGA","2","2","19","1","4"
"115841","AGAGCCCGTCCACAGC-1","TTCACAAATTTA","7","0","0","0","0"
"115875","AGAGCCCGTCCACAGC-1","TAACGAAGATTT","1","2","0","0","0"
"115880","AGAGCCCGTCCACAGC-1","AACTGAATGTTT","7","2","12","2","7"
"115895","AGAGCCCGTCCACAGC-1","AGGCTAATTCCC","1","2","0","0","0"
"115907","AGAGCCCGTCCACAGC-1","GTTGAAAGGTGA","3","4","1","6","0"
"115909","AGAGCCCGTCCACAGC-1","GTACAAAATAGT","5","2","4","7","3"
"115918","AGAGCCCGTCCACAGC-1","TTGATAACGTGA","2","2","19","1","4"
"115943","AGAGCCCGTCCACAGC-1","GTATAAAGTTTG","4","16","4","4","2"
"85401","CGAAGGAAGTCATGGG-1","TAACGAAGATTT","0","0","0","0","0"
"85407","CGAAGGAAGTCATGGG-1","AGGCTAATTCCC","1","2","12","2","7"
"85424","CGAAGGAAGTCATGGG-1","GTACAAAATAGT","5","2","4","0","0"
"85444","CGAAGGAAGTCATGGG-1","GTATAAAGTTTG","4","18","4","4","2"
"85457","CGAAGGAAGTCATGGG-1","AACTGAATGTTT","7","2","7","0","0"
"85585","CGAAGGAAGTCATGGG-1","GTTGAAAGGTGA","3","4","1","0","0"
"85624","CGAAGGAAGTCATGGG-1","TTCACAAATTTA","0","0","0","0","0"
"85631","CGAAGGAAGTCATGGG-1","TTGATAACGTGA","2","2","19","1","4"
"179811","TTGTTCAGTACCCACG-1","GTACAAAATAGT","5","2","4","2","0"
"179823","TTGTTCAGTACCCACG-1","TAACGAAGATTT","0","0","0","0","0"
"179831","TTGTTCAGTACCCACG-1","GTATAAAGTTTG","4","6","4","4","0"
"179834","TTGTTCAGTACCCACG-1","AACTGAATGTTT","7","2","4","1","2"
"179880","TTGTTCAGTACCCACG-1","GTTGAAAGGTGA","3","4","2","4","4"
"179881","TTGTTCAGTACCCACG-1","TTGATAACGTGA","2","2","19","1","4"
"179886","TTGTTCAGTACCCACG-1","AGGCTAATTCCC","1","2","12","1","0"
"179907","TTGTTCAGTACCCACG-1","TTCACAAATTTA","4","12","7","0","0"
"17332","TTGGGATTCCTTCAGC-1","TTCACAAATTTA","4","7","7","0","0"
"17374","TTGGGATTCCTTCAGC-1","TAACGAAGATTT","0","0","0","0","0"
"17379","TTGGGATTCCTTCAGC-1","AGGCTAATTCCC","1","2","12","12","19"
"17384","TTGGGATTCCTTCAGC-1","TTGATAACGTGA","2","2","19","1","2"
"17403","TTGGGATTCCTTCAGC-1","GTACAAAATAGT","9","2","2","2","0"
"17404","TTGGGATTCCTTCAGC-1","GTATAAAGTTTG","4","0","0","0","0"
"17405","TTGGGATTCCTTCAGC-1","AACTGAATGTTT","7","2","19","19","7"
"17417","TTGGGATTCCTTCAGC-1","GTTGAAAGGTGA","3","4","16","0","0"
"209467","TTCACCGGTGATGAAT-1","AACTGAATGTTT","7","2","19","2","12"
"209468","TTCACCGGTGATGAAT-1","AGGCTAATTCCC","1","2","12","12","7"
"209470","TTCACCGGTGATGAAT-1","GTATAAAGTTTG","4","6","4","4","2"
"209472","TTCACCGGTGATGAAT-1","GTTGAAAGGTGA","3","4","7","0","0"
"209474","TTCACCGGTGATGAAT-1","TAACGAAGATTT","2","19","7","0","0"
"209489","TTCACCGGTGATGAAT-1","GTACAAAATAGT","5","2","1","0","0"
"209515","TTCACCGGTGATGAAT-1","TTGATAACGTGA","2","2","19","1","12"
"209519","TTCACCGGTGATGAAT-1","TTCACAAATTTA","12","1","19","0","0"
"185387","TGCGACGCAGTGGGTA-1","TTGATAACGTGA","2","2","19","1","4"
"185396","TGCGACGCAGTGGGTA-1","GTTGAAAGGTGA","3","4","1","7","0"
"185417","TGCGACGCAGTGGGTA-1","TTCACAAATTTA","0","0","0","0","0"
"185457","TGCGACGCAGTGGGTA-1","GTATAAAGTTTG","4","0","0","0","0"
"185555","TGCGACGCAGTGGGTA-1","GTACAAAATAGT","5","2","0","0","0"
"185567","TGCGACGCAGTGGGTA-1","TAACGAAGATTT","0","0","0","0","0"
"185597","TGCGACGCAGTGGGTA-1","AACTGAATGTTT","7","2","0","0","0"
"185610","TGCGACGCAGTGGGTA-1","AGGCTAATTCCC","1","2","12","2","7"
"135644","GTAGGAGGTCGGCTAC-1","TTGATAACGTGA","2","2","19","1","4"
"135645","GTAGGAGGTCGGCTAC-1","AGGCTAATTCCC","1","0","0","0","0"
"135647","GTAGGAGGTCGGCTAC-1","TAACGAAGATTT","0","0","0","0","0"
"135648","GTAGGAGGTCGGCTAC-1","TTCACAAATTTA","0","0","0","0","0"
"135650","GTAGGAGGTCGGCTAC-1","AACTGAATGTTT","7","2","4","2","0"
"135660","GTAGGAGGTCGGCTAC-1","GTTGAAAGGTGA","3","4","2","4","4"
"135666","GTAGGAGGTCGGCTAC-1","GTATAAAGTTTG","4","6","4","4","2"
"135667","GTAGGAGGTCGGCTAC-1","GTACAAAATAGT","5","2","2","4","7"
"361880","GAAATGAAGGGTTTCT-1","GTACAAAATAGT","5","2","4","2","4"
"361881","GAAATGAAGGGTTTCT-1","AACTGAATGTTT","7","2","4","4","0"
"361882","GAAATGAAGGGTTTCT-1","TAACGAAGATTT","0","0","0","0","0"
"361883","GAAATGAAGGGTTTCT-1","TTCACAAATTTA","6","0","0","0","0"
"361886","GAAATGAAGGGTTTCT-1","TTGATAACGTGA","2","2","19","1","4"
"361889","GAAATGAAGGGTTTCT-1","GTTGAAAGGTGA","3","4","2","4","25"
"361896","GAAATGAAGGGTTTCT-1","GTATAAAGTTTG","4","0","0","0","0"
"361898","GAAATGAAGGGTTTCT-1","AGGCTAATTCCC","1","2","12","4","7"
"260493","CATGCAATCTCTTGCG-1","GTTGAAAGGTGA","3","4","2","4","4"
"260497","CATGCAATCTCTTGCG-1","AACTGAATGTTT","7","2","1","0","0"
"260502","CATGCAATCTCTTGCG-1","AGGCTAATTCCC","1","2","12","4","4"
"260503","CATGCAATCTCTTGCG-1","TAACGAAGATTT","0","0","0","0","0"
"260510","CATGCAATCTCTTGCG-1","TTGATAACGTGA","2","2","19","1","4"
"260521","CATGCAATCTCTTGCG-1","GTACAAAATAGT","5","2","4","4","12"
"260527","CATGCAATCTCTTGCG-1","GTATAAAGTTTG","13","6","4","4","2"
"260532","CATGCAATCTCTTGCG-1","TTCACAAATTTA","2","0","0","0","0"
"336961","TCTTTGATCATTACTC-1","GTACAAAATAGT","5","2","4","2","0"
"336962","TCTTTGATCATTACTC-1","TTCACAAATTTA","2","0","0","0","0"
"336963","TCTTTGATCATTACTC-1","TTGATAACGTGA","2","2","19","1","4"
"336964","TCTTTGATCATTACTC-1","TAACGAAGATTT","0","0","0","0","0"
"336967","TCTTTGATCATTACTC-1","AGGCTAATTCCC","1","0","0","0","0"
"336975","TCTTTGATCATTACTC-1","GTTGAAAGGTGA","3","4","3","2","7"
"336978","TCTTTGATCATTACTC-1","GTATAAAGTTTG","4","6","4","4","25"
"336982","TCTTTGATCATTACTC-1","AACTGAATGTTT","7","2","1","6","0"
"19545","TAAGCGTCAGCATTGT-1","AACTGAATGTTT","7","2","1","0","0"
"19563","TAAGCGTCAGCATTGT-1","GTACAAAATAGT","5","2","4","0","0"
"19565","TAAGCGTCAGCATTGT-1","AGGCTAATTCCC","1","2","12","2","12"
"19578","TAAGCGTCAGCATTGT-1","TTGATAACGTGA","2","10","19","1","4"
"19579","TAAGCGTCAGCATTGT-1","TAACGAAGATTT","0","0","0","0","0"
"19581","TAAGCGTCAGCATTGT-1","GTTGAAAGGTGA","3","4","1","0","0"
"19585","TAAGCGTCAGCATTGT-1","TTCACAAATTTA","4","4","2","0","0"
"19598","TAAGCGTCAGCATTGT-1","GTATAAAGTTTG","4","6","4","15","4"
"189895","AGTTAGCCACTATGTG-1","TAACGAAGATTT","0","0","0","0","0"
"189899","AGTTAGCCACTATGTG-1","AGGCTAATTCCC","1","2","12","4","4"
"189900","AGTTAGCCACTATGTG-1","GTACAAAATAGT","5","2","6","0","0"
"189904","AGTTAGCCACTATGTG-1","AACTGAATGTTT","7","2","2","12","0"
"189940","AGTTAGCCACTATGTG-1","TTGATAACGTGA","0","0","0","0","0"
"189943","AGTTAGCCACTATGTG-1","TTCACAAATTTA","0","0","0","0","0"
"189987","AGTTAGCCACTATGTG-1","GTTGAAAGGTGA","3","4","2","4","4"
"189990","AGTTAGCCACTATGTG-1","GTATAAAGTTTG","4","6","4","4","2"
"7497","TTTGACTGTACCCGAC-1","GTACAAAATAGT","5","2","4","1","0"
"7500","TTTGACTGTACCCGAC-1","TAACGAAGATTT","0","0","0","0","0"
"7588","TTTGACTGTACCCGAC-1","TTCACAAATTTA","11","6","12","6","19"
"7608","TTTGACTGTACCCGAC-1","AACTGAATGTTT","7","2","1","4","0"
"7660","TTTGACTGTACCCGAC-1","GTATAAAGTTTG","4","6","4","4","2"
"7670","TTTGACTGTACCCGAC-1","GTTGAAAGGTGA","3","4","0","0","0"
"7679","TTTGACTGTACCCGAC-1","AGGCTAATTCCC","1","2","12","2","12"
"7739","TTTGACTGTACCCGAC-1","TTGATAACGTGA","2","2","19","1","4"
"396589","TTTGGTTGTATCCTCC-1","AGGCTAATTCCC","1","2","12","2","12"
"396599","TTTGGTTGTATCCTCC-1","GTACAAAATAGT","5","0","0","0","0"
"396600","TTTGGTTGTATCCTCC-1","TAACGAAGATTT","0","0","0","0","0"
"396602","TTTGGTTGTATCCTCC-1","GTATAAAGTTTG","4","6","13","4","4"
"396606","TTTGGTTGTATCCTCC-1","AACTGAATGTTT","7","2","4","0","0"
"396617","TTTGGTTGTATCCTCC-1","TTGATAACGTGA","2","2","19","1","4"
"396619","TTTGGTTGTATCCTCC-1","TTCACAAATTTA","4","4","19","0","0"
"396632","TTTGGTTGTATCCTCC-1","GTTGAAAGGTGA","3","4","1","12","2"
"83010","CCGATGGTCCCTTGTG-1","AACTGAATGTTT","7","2","19","0","0"
"83011","CCGATGGTCCCTTGTG-1","TTCACAAATTTA","4","0","0","0","0"
"83015","CCGATGGTCCCTTGTG-1","GTACAAAATAGT","5","2","2","4","1"
"83024","CCGATGGTCCCTTGTG-1","TAACGAAGATTT","1","0","0","0","0"
"83027","CCGATGGTCCCTTGTG-1","GTATAAAGTTTG","4","6","4","4","0"
"83035","CCGATGGTCCCTTGTG-1","TTGATAACGTGA","2","2","0","0","0"
"83072","CCGATGGTCCCTTGTG-1","GTTGAAAGGTGA","3","4","2","1","7"
"83079","CCGATGGTCCCTTGTG-1","AGGCTAATTCCC","1","2","12","12","19"
"178008","GCCTGTTAGGATTTAG-1","GTACAAAATAGT","5","2","2","0","0"
"178014","GCCTGTTAGGATTTAG-1","TTGATAACGTGA","2","2","19","1","4"
"178015","GCCTGTTAGGATTTAG-1","TTCACAAATTTA","0","0","0","0","0"
"178017","GCCTGTTAGGATTTAG-1","GTATAAAGTTTG","4","18","4","4","2"
"178026","GCCTGTTAGGATTTAG-1","AGGCTAATTCCC","1","2","12","0","0"
"178028","GCCTGTTAGGATTTAG-1","GTTGAAAGGTGA","3","4","0","0","0"
"178033","GCCTGTTAGGATTTAG-1","TAACGAAGATTT","0","0","0","0","0"
"178041","GCCTGTTAGGATTTAG-1","AACTGAATGTTT","7","2","1","0","0"
"246388","GTCTACCCAAGGATGC-1","GTTGAAAGGTGA","3","4","2","4","4"
"246389","GTCTACCCAAGGATGC-1","GTACAAAATAGT","5","2","4","2","2"
"246391","GTCTACCCAAGGATGC-1","AGGCTAATTCCC","1","2","12","4","4"
"246402","GTCTACCCAAGGATGC-1","AACTGAATGTTT","7","2","4","1","1"
"246408","GTCTACCCAAGGATGC-1","TTCACAAATTTA","14","19","2","1","4"
"246416","GTCTACCCAAGGATGC-1","TAACGAAGATTT","0","0","0","0","0"
"246421","GTCTACCCAAGGATGC-1","TTGATAACGTGA","2","2","19","1","4"
"246422","GTCTACCCAAGGATGC-1","GTATAAAGTTTG","4","6","4","4","2"
"43953","ATCATTCGTCGACTTA-1","TTGATAACGTGA","2","2","19","1","0"
"43958","ATCATTCGTCGACTTA-1","GTATAAAGTTTG","4","6","4","2","7"
"43961","ATCATTCGTCGACTTA-1","AGGCTAATTCCC","15","2","12","12","2"
"43965","ATCATTCGTCGACTTA-1","TTCACAAATTTA","0","0","0","0","0"
"43978","ATCATTCGTCGACTTA-1","GTACAAAATAGT","5","2","4","7","2"
"43979","ATCATTCGTCGACTTA-1","GTTGAAAGGTGA","3","4","0","0","0"
"43995","ATCATTCGTCGACTTA-1","TAACGAAGATTT","0","0","0","0","0"
"44052","ATCATTCGTCGACTTA-1","AACTGAATGTTT","7","2","19","0","0"
"440458","TAAGTCGAGCATGAGT-1","GTATAAAGTTTG","4","6","4","4","2"
"440460","TAAGTCGAGCATGAGT-1","TTGATAACGTGA","2","2","19","1","12"
"440461","TAAGTCGAGCATGAGT-1","TAACGAAGATTT","0","0","0","0","0"
"440463","TAAGTCGAGCATGAGT-1","TTCACAAATTTA","6","6","2","0","0"
"440464","TAAGTCGAGCATGAGT-1","AGGCTAATTCCC","1","2","12","12","2"
"440467","TAAGTCGAGCATGAGT-1","GTTGAAAGGTGA","3","4","4","2","0"
"440468","TAAGTCGAGCATGAGT-1","AACTGAATGTTT","7","2","4","4","0"
"440469","TAAGTCGAGCATGAGT-1","GTACAAAATAGT","5","2","2","2","4"
"243277","CATTGCCGTGAGTTGG-1","GTTGAAAGGTGA","3","4","0","0","0"
"243285","CATTGCCGTGAGTTGG-1","AGGCTAATTCCC","1","2","12","2","1"
"243287","CATTGCCGTGAGTTGG-1","TTGATAACGTGA","2","2","19","1","4"
"243304","CATTGCCGTGAGTTGG-1","GTATAAAGTTTG","4","14","4","4","2"
"243318","CATTGCCGTGAGTTGG-1","AACTGAATGTTT","7","2","7","0","0"
"243346","CATTGCCGTGAGTTGG-1","TAACGAAGATTT","0","0","0","0","0"
"243370","CATTGCCGTGAGTTGG-1","TTCACAAATTTA","4","2","4","0","0"
"243373","CATTGCCGTGAGTTGG-1","GTACAAAATAGT","5","2","4","19","7"
"316235","TCAAGCAGTGACGTCC-1","AACTGAATGTTT","7","2","4","0","0"
"316237","TCAAGCAGTGACGTCC-1","TTGATAACGTGA","2","2","19","1","4"
"316239","TCAAGCAGTGACGTCC-1","GTTGAAAGGTGA","3","4","1","4","0"
"316240","TCAAGCAGTGACGTCC-1","GTACAAAATAGT","5","2","4","0","0"
"316243","TCAAGCAGTGACGTCC-1","GTATAAAGTTTG","4","6","4","13","2"
"316249","TCAAGCAGTGACGTCC-1","TTCACAAATTTA","6","4","1","15","7"
"316261","TCAAGCAGTGACGTCC-1","TAACGAAGATTT","0","0","0","0","0"
"316268","TCAAGCAGTGACGTCC-1","AGGCTAATTCCC","1","2","12","2","2"
"315892","GAACTGTGTCAGATTC-1","GTATAAAGTTTG","4","6","4","4","4"
"315897","GAACTGTGTCAGATTC-1","TTCACAAATTTA","4","4","19","0","0"
"315900","GAACTGTGTCAGATTC-1","AGGCTAATTCCC","1","2","12","2","7"
"315902","GAACTGTGTCAGATTC-1","GTACAAAATAGT","5","2","4","0","0"
"315907","GAACTGTGTCAGATTC-1","AACTGAATGTTT","7","2","4","6","0"
"315923","GAACTGTGTCAGATTC-1","TTGATAACGTGA","2","8","19","1","4"
"315933","GAACTGTGTCAGATTC-1","TAACGAAGATTT","0","0","0","0","0"
"315937","GAACTGTGTCAGATTC-1","GTTGAAAGGTGA","3","4","1","7","0"
"226918","GCCTGTTCACATAACC-1","TTCACAAATTTA","6","0","0","0","0"
"226920","GCCTGTTCACATAACC-1","TAACGAAGATTT","0","0","0","0","0"
"226940","GCCTGTTCACATAACC-1","TTGATAACGTGA","2","2","19","1","4"
"226968","GCCTGTTCACATAACC-1","GTTGAAAGGTGA","3","4","0","0","0"
"226990","GCCTGTTCACATAACC-1","GTACAAAATAGT","5","2","4","0","0"
"226997","GCCTGTTCACATAACC-1","GTATAAAGTTTG","4","6","4","13","2"
"227013","GCCTGTTCACATAACC-1","AACTGAATGTTT","7","2","4","0","0"
"227030","GCCTGTTCACATAACC-1","AGGCTAATTCCC","1","2","12","0","0"
"260255","CCCTGATGTCTAGTGT-1","TTGATAACGTGA","2","2","19","1","4"
"260258","CCCTGATGTCTAGTGT-1","AGGCTAATTCCC","1","2","12","2","7"
"260275","CCCTGATGTCTAGTGT-1","GTATAAAGTTTG","4","6","4","4","2"
"260277","CCCTGATGTCTAGTGT-1","GTTGAAAGGTGA","3","4","0","0","0"
"260282","CCCTGATGTCTAGTGT-1","TTCACAAATTTA","0","0","0","0","0"
"260283","CCCTGATGTCTAGTGT-1","AACTGAATGTTT","7","2","7","0","0"
"260292","CCCTGATGTCTAGTGT-1","TAACGAAGATTT","0","0","0","0","0"
"260296","CCCTGATGTCTAGTGT-1","GTACAAAATAGT","5","2","4","0","0"
"75664","CCACCATGTCCTTAAG-1","TTCACAAATTTA","6","19","2","1","4"
"75666","CCACCATGTCCTTAAG-1","TAACGAAGATTT","1","0","0","0","0"
"75668","CCACCATGTCCTTAAG-1","TTGATAACGTGA","2","2","19","1","13"
"75669","CCACCATGTCCTTAAG-1","AGGCTAATTCCC","1","2","12","12","1"
"75682","CCACCATGTCCTTAAG-1","GTATAAAGTTTG","4","6","4","4","2"
"75690","CCACCATGTCCTTAAG-1","GTACAAAATAGT","5","2","4","2","4"
"75691","CCACCATGTCCTTAAG-1","GTTGAAAGGTGA","3","4","2","4","4"
"75707","CCACCATGTCCTTAAG-1","AACTGAATGTTT","7","2","4","11","0"
"164353","AACGTCAGTGACACGA-1","AACTGAATGTTT","7","2","1","0","0"
"164354","AACGTCAGTGACACGA-1","GTATAAAGTTTG","4","6","4","4","2"
"164362","AACGTCAGTGACACGA-1","TTCACAAATTTA","16","4","1","4","7"
"164367","AACGTCAGTGACACGA-1","AGGCTAATTCCC","1","2","12","2","2"
"164368","AACGTCAGTGACACGA-1","TTGATAACGTGA","2","2","19","1","4"
"164370","AACGTCAGTGACACGA-1","GTTGAAAGGTGA","3","4","2","1","0"
"164373","AACGTCAGTGACACGA-1","TAACGAAGATTT","0","0","0","0","0"
"164382","AACGTCAGTGACACGA-1","GTACAAAATAGT","5","2","4","4","7"
"47631","TGTTGAGAGTCATCGT-1","AGGCTAATTCCC","1","2","12","4","4"
"47637","TGTTGAGAGTCATCGT-1","TAACGAAGATTT","0","0","0","0","0"
"47640","TGTTGAGAGTCATCGT-1","TTCACAAATTTA","6","19","2","0","0"
"47643","TGTTGAGAGTCATCGT-1","GTACAAAATAGT","5","2","4","0","0"
"47649","TGTTGAGAGTCATCGT-1","GTTGAAAGGTGA","3","4","2","0","0"
"47695","TGTTGAGAGTCATCGT-1","GTATAAAGTTTG","4","6","4","28","2"
"47704","TGTTGAGAGTCATCGT-1","TTGATAACGTGA","2","2","0","0","0"
"47740","TGTTGAGAGTCATCGT-1","AACTGAATGTTT","7","2","0","0","0"
"36191","AGGCCACTCGTAGAGG-1","AACTGAATGTTT","7","2","19","0","0"
"36194","AGGCCACTCGTAGAGG-1","TTGATAACGTGA","2","2","19","1","4"
"36196","AGGCCACTCGTAGAGG-1","AGGCTAATTCCC","1","2","12","0","0"
"36227","AGGCCACTCGTAGAGG-1","GTTGAAAGGTGA","3","4","4","0","0"
"36259","AGGCCACTCGTAGAGG-1","TTCACAAATTTA","4","0","0","0","0"
"36262","AGGCCACTCGTAGAGG-1","GTACAAAATAGT","5","2","4","7","6"
"36263","AGGCCACTCGTAGAGG-1","TAACGAAGATTT","0","0","0","0","0"
"36279","AGGCCACTCGTAGAGG-1","GTATAAAGTTTG","4","6","4","4","0"
"12226","GAGAGGTAGAAGCCTG-1","GTTGAAAGGTGA","3","4","1","2","7"
"12227","GAGAGGTAGAAGCCTG-1","AGGCTAATTCCC","1","2","12","2","12"
"12228","GAGAGGTAGAAGCCTG-1","GTACAAAATAGT","5","2","4","0","0"
"12232","GAGAGGTAGAAGCCTG-1","TTGATAACGTGA","2","2","19","1","4"
"12234","GAGAGGTAGAAGCCTG-1","AACTGAATGTTT","7","2","11","6","0"
"12251","GAGAGGTAGAAGCCTG-1","TTCACAAATTTA","0","0","0","0","0"
"12255","GAGAGGTAGAAGCCTG-1","GTATAAAGTTTG","4","6","4","13","0"
"12296","GAGAGGTAGAAGCCTG-1","TAACGAAGATTT","0","0","0","0","0"
"61149","ACTGCAAGTGTTGAGG-1","GTATAAAGTTTG","4","6","4","4","2"
"61154","ACTGCAAGTGTTGAGG-1","GTTGAAAGGTGA","3","4","1","1","0"
"61155","ACTGCAAGTGTTGAGG-1","TTCACAAATTTA","6","2","7","4","6"
"61160","ACTGCAAGTGTTGAGG-1","AGGCTAATTCCC","1","2","12","2","7"
"61162","ACTGCAAGTGTTGAGG-1","TTGATAACGTGA","2","2","19","1","4"
"61165","ACTGCAAGTGTTGAGG-1","AACTGAATGTTT","7","2","0","0","0"
"61176","ACTGCAAGTGTTGAGG-1","GTACAAAATAGT","5","2","7","0","0"
"61323","ACTGCAAGTGTTGAGG-1","TAACGAAGATTT","0","0","0","0","0"
"118725","TACACCCCATCTAGAC-1","GTTGAAAGGTGA","3","4","1","0","0"
"118727","TACACCCCATCTAGAC-1","GTATAAAGTTTG","4","6","4","4","7"
"118728","TACACCCCATCTAGAC-1","AGGCTAATTCCC","1","2","12","2","12"
"118730","TACACCCCATCTAGAC-1","TTCACAAATTTA","0","0","0","0","0"
"118733","TACACCCCATCTAGAC-1","GTACAAAATAGT","5","2","6","0","0"
"118780","TACACCCCATCTAGAC-1","AACTGAATGTTT","7","2","0","0","0"
"118786","TACACCCCATCTAGAC-1","TTGATAACGTGA","2","2","19","1","25"
"118870","TACACCCCATCTAGAC-1","TAACGAAGATTT","0","0","0","0","0"
"319679","ATGACCAAGTGAGGTC-1","TTGATAACGTGA","2","2","19","1","4"
"319681","ATGACCAAGTGAGGTC-1","AGGCTAATTCCC","1","2","12","2","7"
"319684","ATGACCAAGTGAGGTC-1","GTACAAAATAGT","5","2","6","2","1"
"319687","ATGACCAAGTGAGGTC-1","GTTGAAAGGTGA","3","4","2","4","7"
"319690","ATGACCAAGTGAGGTC-1","TAACGAAGATTT","0","0","0","0","0"
"319697","ATGACCAAGTGAGGTC-1","GTATAAAGTTTG","4","6","4","4","2"
"319698","ATGACCAAGTGAGGTC-1","AACTGAATGTTT","7","2","4","4","0"
"319700","ATGACCAAGTGAGGTC-1","TTCACAAATTTA","6","1","0","0","0"
"148190","TAGATCGAGAACAAGG-1","GTTGAAAGGTGA","3","4","2","0","0"
"148191","TAGATCGAGAACAAGG-1","GTACAAAATAGT","5","2","2","2","7"
"148193","TAGATCGAGAACAAGG-1","AACTGAATGTTT","7","2","19","19","2"
"148199","TAGATCGAGAACAAGG-1","TTCACAAATTTA","4","1","4","12","7"
"148210","TAGATCGAGAACAAGG-1","TTGATAACGTGA","2","2","19","1","0"
"148229","TAGATCGAGAACAAGG-1","TAACGAAGATTT","0","0","0","0","0"
"148245","TAGATCGAGAACAAGG-1","GTATAAAGTTTG","4","6","4","25","2"
"148271","TAGATCGAGAACAAGG-1","AGGCTAATTCCC","1","2","12","12","29"
"274524","CTGCCATTCCCATACC-1","GTACAAAATAGT","5","2","2","4","0"
"274540","CTGCCATTCCCATACC-1","GTATAAAGTTTG","0","0","0","0","0"
"274547","CTGCCATTCCCATACC-1","TTGATAACGTGA","2","2","19","1","25"
"274555","CTGCCATTCCCATACC-1","TTCACAAATTTA","6","19","2","1","2"
"274556","CTGCCATTCCCATACC-1","TAACGAAGATTT","1","6","0","0","0"
"274560","CTGCCATTCCCATACC-1","GTTGAAAGGTGA","3","4","0","0","0"
"274561","CTGCCATTCCCATACC-1","AGGCTAATTCCC","1","2","12","4","2"
"274566","CTGCCATTCCCATACC-1","AACTGAATGTTT","7","2","4","21","0"
"280589","TGACTCCAGCGGACAT-1","TTGATAACGTGA","2","2","19","1","4"
"280592","TGACTCCAGCGGACAT-1","GTTGAAAGGTGA","3","4","12","0","0"
"280595","TGACTCCAGCGGACAT-1","AGGCTAATTCCC","1","2","12","4","4"
"280600","TGACTCCAGCGGACAT-1","GTATAAAGTTTG","4","6","4","0","0"
"280601","TGACTCCAGCGGACAT-1","TTCACAAATTTA","6","19","4","12","0"
"280613","TGACTCCAGCGGACAT-1","TAACGAAGATTT","0","0","0","0","0"
"280619","TGACTCCAGCGGACAT-1","GTACAAAATAGT","5","2","2","7","0"
"280624","TGACTCCAGCGGACAT-1","AACTGAATGTTT","17","2","4","0","0"
"355248","GCAACCGTCACTGATG-1","AACTGAATGTTT","7","2","0","0","0"
"355253","GCAACCGTCACTGATG-1","TTCACAAATTTA","6","19","2","1","4"
"355254","GCAACCGTCACTGATG-1","GTACAAAATAGT","5","2","4","2","4"
"355260","GCAACCGTCACTGATG-1","GTTGAAAGGTGA","3","4","2","4","4"
"355281","GCAACCGTCACTGATG-1","GTATAAAGTTTG","4","6","4","4","2"
"355299","GCAACCGTCACTGATG-1","TAACGAAGATTT","1","0","0","0","0"
"355332","GCAACCGTCACTGATG-1","AGGCTAATTCCC","1","2","12","4","4"
"355400","GCAACCGTCACTGATG-1","TTGATAACGTGA","2","2","19","1","4"
"140526","TTACGTTAGCTGTTAC-1","TTCACAAATTTA","18","19","2","1","4"
"140527","TTACGTTAGCTGTTAC-1","TTGATAACGTGA","2","2","19","1","4"
"140546","TTACGTTAGCTGTTAC-1","GTACAAAATAGT","5","2","2","0","0"
"140560","TTACGTTAGCTGTTAC-1","GTATAAAGTTTG","4","6","4","4","2"
"140570","TTACGTTAGCTGTTAC-1","TAACGAAGATTT","1","0","0","0","0"
"140574","TTACGTTAGCTGTTAC-1","GTTGAAAGGTGA","3","4","2","4","4"
"140591","TTACGTTAGCTGTTAC-1","AGGCTAATTCCC","1","2","12","0","0"
"140623","TTACGTTAGCTGTTAC-1","AACTGAATGTTT","7","2","0","0","0"
"314651","AGCGTATTCGGTCATA-1","GTTGAAAGGTGA","3","4","2","6","2"
"314654","AGCGTATTCGGTCATA-1","GTACAAAATAGT","5","2","2","12","2"
"314658","AGCGTATTCGGTCATA-1","TTCACAAATTTA","4","13","1","6","6"
"314664","AGCGTATTCGGTCATA-1","GTATAAAGTTTG","4","6","4","4","2"
"314681","AGCGTATTCGGTCATA-1","TAACGAAGATTT","1","7","19","6","0"
"314717","AGCGTATTCGGTCATA-1","AGGCTAATTCCC","1","2","12","12","19"
"314740","AGCGTATTCGGTCATA-1","TTGATAACGTGA","2","2","19","11","2"
"314763","AGCGTATTCGGTCATA-1","AACTGAATGTTT","7","2","19","7","4"
"62587","ACCCTCAAGTCTAACC-1","GTATAAAGTTTG","4","6","4","4","2"
"62590","ACCCTCAAGTCTAACC-1","GTACAAAATAGT","5","2","4","2","2"
"62591","ACCCTCAAGTCTAACC-1","TTGATAACGTGA","2","2","19","1","4"
"62592","ACCCTCAAGTCTAACC-1","TTCACAAATTTA","6","19","2","1","4"
"62595","ACCCTCAAGTCTAACC-1","GTTGAAAGGTGA","3","4","2","4","25"
"62599","ACCCTCAAGTCTAACC-1","AACTGAATGTTT","7","2","4","1","1"
"62618","ACCCTCAAGTCTAACC-1","AGGCTAATTCCC","1","2","12","4","4"
"62624","ACCCTCAAGTCTAACC-1","TAACGAAGATTT","0","0","0","0","0"
"158560","TCGCTTGAGTTGGAGC-1","AGGCTAATTCCC","1","2","12","12","1"
"158565","TCGCTTGAGTTGGAGC-1","TTCACAAATTTA","6","19","2","1","4"
"158577","TCGCTTGAGTTGGAGC-1","GTTGAAAGGTGA","0","0","0","0","0"
"158581","TCGCTTGAGTTGGAGC-1","GTACAAAATAGT","5","2","2","4","0"
"158582","TCGCTTGAGTTGGAGC-1","AACTGAATGTTT","7","2","13","0","0"
"158598","TCGCTTGAGTTGGAGC-1","GTATAAAGTTTG","4","6","4","4","2"
"158606","TCGCTTGAGTTGGAGC-1","TAACGAAGATTT","0","0","0","0","0"
"158607","TCGCTTGAGTTGGAGC-1","TTGATAACGTGA","2","2","19","1","4"
"241767","GTAAGTCCATGTGGCC-1","AACTGAATGTTT","7","2","19","2","0"
"241768","GTAAGTCCATGTGGCC-1","AGGCTAATTCCC","1","2","12","12","7"
"241769","GTAAGTCCATGTGGCC-1","GTATAAAGTTTG","4","6","4","4","0"
"241772","GTAAGTCCATGTGGCC-1","TAACGAAGATTT","0","0","0","0","0"
"241773","GTAAGTCCATGTGGCC-1","TTCACAAATTTA","4","2","2","0","0"
"241789","GTAAGTCCATGTGGCC-1","TTGATAACGTGA","2","2","19","1","12"
"241824","GTAAGTCCATGTGGCC-1","GTTGAAAGGTGA","3","4","4","2","0"
"241831","GTAAGTCCATGTGGCC-1","GTACAAAATAGT","5","2","0","0","0"
"325851","GAGTTACCACACCGAC-1","TAACGAAGATTT","0","0","0","0","0"
"325853","GAGTTACCACACCGAC-1","TTGATAACGTGA","2","2","19","1","4"
"325855","GAGTTACCACACCGAC-1","TTCACAAATTTA","6","19","4","12","0"
"325857","GAGTTACCACACCGAC-1","GTACAAAATAGT","5","2","4","7","0"
"325867","GAGTTACCACACCGAC-1","AGGCTAATTCCC","11","2","12","4","4"
"325869","GAGTTACCACACCGAC-1","AACTGAATGTTT","7","2","4","0","0"
"325874","GAGTTACCACACCGAC-1","GTTGAAAGGTGA","3","4","2","4","13"
"325876","GAGTTACCACACCGAC-1","GTATAAAGTTTG","4","6","4","0","0"
"245974","ACCTGAAAGATGGGCT-1","AGGCTAATTCCC","1","2","12","12","19"
"245987","ACCTGAAAGATGGGCT-1","TAACGAAGATTT","0","0","0","0","0"
"246004","ACCTGAAAGATGGGCT-1","AACTGAATGTTT","17","2","19","19","7"
"246006","ACCTGAAAGATGGGCT-1","GTTGAAAGGTGA","3","4","0","0","0"
"246007","ACCTGAAAGATGGGCT-1","TTCACAAATTTA","4","7","0","0","0"
"246021","ACCTGAAAGATGGGCT-1","GTACAAAATAGT","5","2","2","18","0"
"246028","ACCTGAAAGATGGGCT-1","GTATAAAGTTTG","0","0","0","0","0"
"246045","ACCTGAAAGATGGGCT-1","TTGATAACGTGA","2","2","19","1","2"
"317014","ACCACAAAGTAGATCA-1","AGGCTAATTCCC","1","2","12","2","7"
"317031","ACCACAAAGTAGATCA-1","GTACAAAATAGT","5","2","2","4","15"
"317056","ACCACAAAGTAGATCA-1","TTGATAACGTGA","0","0","0","0","0"
"317072","ACCACAAAGTAGATCA-1","TAACGAAGATTT","6","4","2","0","0"
"317081","ACCACAAAGTAGATCA-1","TTCACAAATTTA","0","0","0","0","0"
"317112","ACCACAAAGTAGATCA-1","GTTGAAAGGTGA","10","4","2","2","1"
"317141","ACCACAAAGTAGATCA-1","GTATAAAGTTTG","4","14","4","4","2"
"317190","ACCACAAAGTAGATCA-1","AACTGAATGTTT","7","2","0","0","0"
"293608","TTTGATCGTCACTTAG-1","GTACAAAATAGT","5","2","2","4","2"
"293611","TTTGATCGTCACTTAG-1","TTCACAAATTTA","6","0","0","0","0"
"293612","TTTGATCGTCACTTAG-1","AGGCTAATTCCC","1","2","12","12","2"
"293613","TTTGATCGTCACTTAG-1","AACTGAATGTTT","7","2","19","12","7"
"293614","TTTGATCGTCACTTAG-1","TAACGAAGATTT","0","0","0","0","0"
"293628","TTTGATCGTCACTTAG-1","GTTGAAAGGTGA","3","13","4","0","0"
"293630","TTTGATCGTCACTTAG-1","GTATAAAGTTTG","4","6","4","4","2"
"293648","TTTGATCGTCACTTAG-1","TTGATAACGTGA","2","2","19","1","12"
"242447","CGTAATGGTTTACACG-1","AACTGAATGTTT","7","2","4","0","0"
"242458","CGTAATGGTTTACACG-1","AGGCTAATTCCC","1","2","12","2","7"
"242460","CGTAATGGTTTACACG-1","TAACGAAGATTT","0","0","0","0","0"
"242466","CGTAATGGTTTACACG-1","TTGATAACGTGA","2","2","19","1","2"
"242467","CGTAATGGTTTACACG-1","GTACAAAATAGT","5","2","4","0","0"
"242469","CGTAATGGTTTACACG-1","TTCACAAATTTA","0","0","0","0","0"
"242484","CGTAATGGTTTACACG-1","GTTGAAAGGTGA","3","4","7","12","0"
"242558","CGTAATGGTTTACACG-1","GTATAAAGTTTG","4","0","0","0","0"
"43643","TGGGAAGAGGTTCTTG-1","TTGATAACGTGA","2","2","19","21","2"
"43669","TGGGAAGAGGTTCTTG-1","GTTGAAAGGTGA","3","4","4","2","0"
"43700","TGGGAAGAGGTTCTTG-1","AACTGAATGTTT","7","2","12","19","7"
"43712","TGGGAAGAGGTTCTTG-1","AGGCTAATTCCC","1","2","12","12","19"
"43731","TGGGAAGAGGTTCTTG-1","GTATAAAGTTTG","4","6","4","4","2"
"43751","TGGGAAGAGGTTCTTG-1","GTACAAAATAGT","5","2","2","0","0"
"43832","TGGGAAGAGGTTCTTG-1","TTCACAAATTTA","4","22","0","0","0"
"43842","TGGGAAGAGGTTCTTG-1","TAACGAAGATTT","2","2","1","4","4"
"153341","GAGAAATGTTCCCACT-1","AGGCTAATTCCC","12","2","12","0","0"
"153348","GAGAAATGTTCCCACT-1","TAACGAAGATTT","0","0","0","0","0"
"153355","GAGAAATGTTCCCACT-1","TTCACAAATTTA","0","0","0","0","0"
"153371","GAGAAATGTTCCCACT-1","AACTGAATGTTT","7","2","1","6","0"
"153380","GAGAAATGTTCCCACT-1","GTACAAAATAGT","5","2","2","0","0"
"153458","GAGAAATGTTCCCACT-1","GTATAAAGTTTG","4","6","4","4","1"
"153467","GAGAAATGTTCCCACT-1","GTTGAAAGGTGA","3","4","1","0","0"
"153492","GAGAAATGTTCCCACT-1","TTGATAACGTGA","0","0","0","0","0"
"22504","AGTCATGCAAGACGAC-1","GTACAAAATAGT","5","2","4","7","2"
"22505","AGTCATGCAAGACGAC-1","AGGCTAATTCCC","1","2","12","2","2"
"22528","AGTCATGCAAGACGAC-1","TAACGAAGATTT","0","0","0","0","0"
"22531","AGTCATGCAAGACGAC-1","AACTGAATGTTT","7","2","0","0","0"
"22549","AGTCATGCAAGACGAC-1","GTATAAAGTTTG","4","14","4","4","4"
"22571","AGTCATGCAAGACGAC-1","TTGATAACGTGA","2","2","19","1","4"
"22576","AGTCATGCAAGACGAC-1","TTCACAAATTTA","4","4","19","0","0"
"22628","AGTCATGCAAGACGAC-1","GTTGAAAGGTGA","3","4","1","0","0"
"142097","ACAGCCGGTAACATAG-1","TTGATAACGTGA","2","2","19","1","2"
"142098","ACAGCCGGTAACATAG-1","GTATAAAGTTTG","4","6","4","4","0"
"142101","ACAGCCGGTAACATAG-1","GTTGAAAGGTGA","3","4","0","0","0"
"142118","ACAGCCGGTAACATAG-1","TAACGAAGATTT","1","7","7","2","12"
"142163","ACAGCCGGTAACATAG-1","TTCACAAATTTA","1","0","0","0","0"
"142170","ACAGCCGGTAACATAG-1","AACTGAATGTTT","7","2","1","0","0"
"142200","ACAGCCGGTAACATAG-1","GTACAAAATAGT","0","0","0","0","0"
"142205","ACAGCCGGTAACATAG-1","AGGCTAATTCCC","1","2","12","12","19"
"344878","TGACTCCCATCTAGAC-1","TTCACAAATTTA","6","19","2","1","4"
"344882","TGACTCCCATCTAGAC-1","GTACAAAATAGT","5","2","4","2","0"
"344892","TGACTCCCATCTAGAC-1","TTGATAACGTGA","2","2","19","1","4"
"344895","TGACTCCCATCTAGAC-1","AGGCTAATTCCC","1","2","12","0","0"
"344901","TGACTCCCATCTAGAC-1","AACTGAATGTTT","7","2","2","0","0"
"344902","TGACTCCCATCTAGAC-1","TAACGAAGATTT","1","0","0","0","0"
"344907","TGACTCCCATCTAGAC-1","GTTGAAAGGTGA","3","4","2","4","4"
"344909","TGACTCCCATCTAGAC-1","GTATAAAGTTTG","4","6","4","13","2"
"572025","TATTGCTAGCATCTGC-1","GTATAAAGTTTG","4","6","4","4","2"
"572027","TATTGCTAGCATCTGC-1","TTCACAAATTTA","4","4","4","4","1"
"572028","TATTGCTAGCATCTGC-1","TAACGAAGATTT","0","0","0","0","0"
"572033","TATTGCTAGCATCTGC-1","TTGATAACGTGA","2","2","19","1","2"
"572034","TATTGCTAGCATCTGC-1","AGGCTAATTCCC","1","2","12","12","19"
"572035","TATTGCTAGCATCTGC-1","AACTGAATGTTT","7","2","19","7","0"
"572042","TATTGCTAGCATCTGC-1","GTACAAAATAGT","5","2","2","4","0"
"572044","TATTGCTAGCATCTGC-1","GTTGAAAGGTGA","3","4","2","1","7"
"137952","GCCGTGAGTATATGGA-1","TTGATAACGTGA","2","2","19","1","4"
"137953","GCCGTGAGTATATGGA-1","TTCACAAATTTA","6","0","0","0","0"
"137957","GCCGTGAGTATATGGA-1","AGGCTAATTCCC","1","2","12","4","7"
"137960","GCCGTGAGTATATGGA-1","GTACAAAATAGT","5","2","4","2","4"
"137974","GCCGTGAGTATATGGA-1","AACTGAATGTTT","7","2","7","0","0"
"137979","GCCGTGAGTATATGGA-1","GTATAAAGTTTG","4","20","4","4","2"
"137987","GCCGTGAGTATATGGA-1","GTTGAAAGGTGA","3","4","0","0","0"
"137993","GCCGTGAGTATATGGA-1","TAACGAAGATTT","0","0","0","0","0"
"62070","TCGTAGAAGGTGCGAT-1","AGGCTAATTCCC","1","2","12","0","0"
"62073","TCGTAGAAGGTGCGAT-1","GTACAAAATAGT","5","2","2","0","0"
"62079","TCGTAGAAGGTGCGAT-1","TTGATAACGTGA","2","2","19","1","4"
"62081","TCGTAGAAGGTGCGAT-1","TTCACAAATTTA","2","0","0","0","0"
"62095","TCGTAGAAGGTGCGAT-1","GTTGAAAGGTGA","3","4","0","0","0"
"62098","TCGTAGAAGGTGCGAT-1","AACTGAATGTTT","7","2","1","0","0"
"62129","TCGTAGAAGGTGCGAT-1","TAACGAAGATTT","0","0","0","0","0"
"62157","TCGTAGAAGGTGCGAT-1","GTATAAAGTTTG","4","6","0","0","0"
"213924","TTGCTGCGTGATTCAC-1","TAACGAAGATTT","0","0","0","0","0"
"213925","TTGCTGCGTGATTCAC-1","TTCACAAATTTA","6","19","4","12","12"
"213936","TTGCTGCGTGATTCAC-1","AACTGAATGTTT","7","2","12","6","0"
"213953","TTGCTGCGTGATTCAC-1","GTACAAAATAGT","5","2","7","7","0"
"213977","TTGCTGCGTGATTCAC-1","TTGATAACGTGA","2","2","19","1","4"
"213979","TTGCTGCGTGATTCAC-1","GTATAAAGTTTG","4","6","4","4","0"
"213993","TTGCTGCGTGATTCAC-1","GTTGAAAGGTGA","3","4","1","0","0"
"214017","TTGCTGCGTGATTCAC-1","AGGCTAATTCCC","1","2","12","18","2"
"139575","CATGAGTTCGGATAAA-1","GTTGAAAGGTGA","3","4","2","1","7"
"139577","CATGAGTTCGGATAAA-1","AACTGAATGTTT","7","2","4","0","0"
"139581","CATGAGTTCGGATAAA-1","TTGATAACGTGA","2","2","19","1","4"
"139590","CATGAGTTCGGATAAA-1","TTCACAAATTTA","6","19","2","1","0"
"139605","CATGAGTTCGGATAAA-1","TAACGAAGATTT","1","2","0","0","0"
"139608","CATGAGTTCGGATAAA-1","AGGCTAATTCCC","11","2","12","4","4"
"139632","CATGAGTTCGGATAAA-1","GTATAAAGTTTG","4","0","0","0","0"
"139634","CATGAGTTCGGATAAA-1","GTACAAAATAGT","5","2","0","0","0"
"367680","ATCGCCTAGATCGACG-1","GTTGAAAGGTGA","3","4","2","4","4"
"367681","ATCGCCTAGATCGACG-1","TTCACAAATTTA","6","19","2","1","4"
"367683","ATCGCCTAGATCGACG-1","AGGCTAATTCCC","1","2","12","4","4"
"367684","ATCGCCTAGATCGACG-1","TTGATAACGTGA","2","2","19","1","4"
"367690","ATCGCCTAGATCGACG-1","GTATAAAGTTTG","4","16","4","4","2"
"367692","ATCGCCTAGATCGACG-1","GTACAAAATAGT","5","2","4","0","0"
"367704","ATCGCCTAGATCGACG-1","TAACGAAGATTT","1","0","0","0","0"
"367709","ATCGCCTAGATCGACG-1","AACTGAATGTTT","7","2","4","1","1"
"21340","AATAGAGGTCCTGGGT-1","GTATAAAGTTTG","4","6","4","4","2"
"21341","AATAGAGGTCCTGGGT-1","TTGATAACGTGA","2","2","19","1","2"
"21344","AATAGAGGTCCTGGGT-1","AGGCTAATTCCC","1","2","12","4","7"
"21346","AATAGAGGTCCTGGGT-1","TAACGAAGATTT","0","0","0","0","0"
"21347","AATAGAGGTCCTGGGT-1","GTTGAAAGGTGA","3","4","2","4","4"
"21390","AATAGAGGTCCTGGGT-1","GTACAAAATAGT","5","2","4","2","4"
"21403","AATAGAGGTCCTGGGT-1","AACTGAATGTTT","7","2","4","2","0"
"21455","AATAGAGGTCCTGGGT-1","TTCACAAATTTA","6","4","0","0","0"
"247823","CTACATTTCCTGTTAT-1","AGGCTAATTCCC","1","2","12","2","7"
"247824","CTACATTTCCTGTTAT-1","GTACAAAATAGT","5","2","4","0","0"
"247825","CTACATTTCCTGTTAT-1","TTCACAAATTTA","16","0","0","0","0"
"247827","CTACATTTCCTGTTAT-1","AACTGAATGTTT","7","2","1","4","0"
"247833","CTACATTTCCTGTTAT-1","TTGATAACGTGA","2","2","19","1","4"
"247839","CTACATTTCCTGTTAT-1","GTATAAAGTTTG","4","6","4","4","25"
"247844","CTACATTTCCTGTTAT-1","TAACGAAGATTT","0","0","0","0","0"
"247846","CTACATTTCCTGTTAT-1","GTTGAAAGGTGA","0","0","0","0","0"
"252779","GTGACGCAGTACTGGG-1","GTTGAAAGGTGA","3","4","1","2","7"
"252780","GTGACGCAGTACTGGG-1","TTCACAAATTTA","0","0","0","0","0"
"252781","GTGACGCAGTACTGGG-1","AGGCTAATTCCC","1","2","12","2","12"
"252782","GTGACGCAGTACTGGG-1","TTGATAACGTGA","2","2","19","1","4"
"252786","GTGACGCAGTACTGGG-1","GTACAAAATAGT","5","2","4","1","0"
"252796","GTGACGCAGTACTGGG-1","AACTGAATGTTT","7","2","1","6","0"
"252797","GTGACGCAGTACTGGG-1","TAACGAAGATTT","0","0","0","0","0"
"252805","GTGACGCAGTACTGGG-1","GTATAAAGTTTG","4","0","0","0","0"
"143502","TTCCTTCAGACAGTCG-1","GTATAAAGTTTG","4","6","4","13","0"
"143513","TTCCTTCAGACAGTCG-1","TAACGAAGATTT","0","0","0","0","0"
"143514","TTCCTTCAGACAGTCG-1","AGGCTAATTCCC","1","2","12","4","4"
"143552","TTCCTTCAGACAGTCG-1","GTACAAAATAGT","5","2","4","1","0"
"143569","TTCCTTCAGACAGTCG-1","AACTGAATGTTT","7","2","1","6","0"
"143590","TTCCTTCAGACAGTCG-1","GTTGAAAGGTGA","3","4","2","4","4"
"143623","TTCCTTCAGACAGTCG-1","TTGATAACGTGA","2","2","19","1","13"
"143720","TTCCTTCAGACAGTCG-1","TTCACAAATTTA","0","0","0","0","0"
"267882","ACATCGATCTTCCACG-1","GTTGAAAGGTGA","3","4","2","4","4"
"267884","ACATCGATCTTCCACG-1","TTCACAAATTTA","6","19","2","1","7"
"267889","ACATCGATCTTCCACG-1","GTATAAAGTTTG","4","6","4","4","2"
"267897","ACATCGATCTTCCACG-1","TAACGAAGATTT","0","0","0","0","0"
"267920","ACATCGATCTTCCACG-1","AGGCTAATTCCC","1","2","12","13","4"
"267924","ACATCGATCTTCCACG-1","TTGATAACGTGA","2","2","19","1","4"
"267961","ACATCGATCTTCCACG-1","GTACAAAATAGT","5","2","4","2","2"
"267991","ACATCGATCTTCCACG-1","AACTGAATGTTT","7","2","1","6","0"
"95999","AATCACGAGGTCCAGA-1","TTCACAAATTTA","4","1","4","4","4"
"96002","AATCACGAGGTCCAGA-1","AGGCTAATTCCC","1","2","12","12","19"
"96005","AATCACGAGGTCCAGA-1","AACTGAATGTTT","7","2","4","4","0"
"96010","AATCACGAGGTCCAGA-1","GTACAAAATAGT","5","23","2","0","0"
"96018","AATCACGAGGTCCAGA-1","TAACGAAGATTT","0","0","0","0","0"
"96037","AATCACGAGGTCCAGA-1","GTATAAAGTTTG","4","4","2","4","0"
"96062","AATCACGAGGTCCAGA-1","GTTGAAAGGTGA","3","4","2","14","6"
"96179","AATCACGAGGTCCAGA-1","TTGATAACGTGA","2","2","19","1","2"
